﻿request_id,sender_email,helpdesk_staff_email,request_type,request_desc,request_status
101,lpitkinl@lsu.edu,tplutherot@lsu.edu,ChangeID,Please change my ID to lpitkinl@lsu.edu,1
104,vblackford7w@lsu.edu,helpdeskteam@lsu.edu,MarketAnalysis,What is the total amount of sales by bidders younger than 30.   ,0
211,lsteptowaq@lsu.edu,helpdeskteam@lsu.edu,AddCategory,Please ad a new category Rabbit under Pets,
327,mfinbypi@angelfire.com,glouwqp@lsu.edu,ChangeID,I would like to change my ID to mfinbypi@angelfire.com,1
105,hambrosiniqz@uol.com.br,helpdeskteam@lsu.edu,AddCategory,Please ad a new category Turtle under Pets,
552,lpitkinl@lsu.edu,cantonacci6p@lsu.edu,AddCategory,"Please ad a new category Yoga under Exercise & Fitness	",1
302,eodonohuenx@lsu.edu,glouwqp@lsu.edu,ChangeID,I would like to change my ID to tommy@lsu.edu,0
303,pwoottonoh@intel.com,mmanonmx@lsu.edu,MarketAnalysis,What is the number of transactions by by females vs males? ,0